{"stat.useItem.minecraft.lapis_block":3,"stat.walkOneCm":850771,"stat.useItem.minecraft.stone_slab":165,"stat.pickup.minecraft.wooden_axe":1,"stat.leaveGame":2,"stat.useItem.minecraft.dark_oak_stairs":2,"stat.flyOneCm":7946068,"stat.useItem.minecraft.cobblestone_wall":11,"stat.drop":1,"stat.jump":1619,"stat.swimOneCm":749,"stat.playOneMinute":1401022,"stat.sneakTime":61136,"stat.crouchOneCm":106157,"stat.timeSinceDeath":1401022,"stat.hopperInspected":18,"stat.useItem.minecraft.trapdoor":4,"stat.sprintOneCm":254345,"stat.useItem.minecraft.stone_slab2":17555,"stat.useItem.minecraft.wooden_slab":1733,"stat.drop.minecraft.wooden_axe":1}